n_users,max_time,sequence_lenght,n_sequences,sliding_split,remove_outliers,normalize,train_acc,train_TP,train_TN,train_FP,train_FN,train_FAR,train_FRR,train_F1,test_acc,test_TP,test_TN,test_FP,test_FN,test_FAR,test_FRR,test_F1
10,0.125,4,10,False,False,False,0.8092741115414996,11073.9,9512.4,3370.8,1809.3,0.24580810651696067,0.13564367040004005,0.8214369651117949,0.6574507658327716,4951.0,5005.9,2664.5,2719.4,0.31700225987430164,0.368096208460155,0.6479718348791444
10,0.125,6,10,False,False,False,0.8258814983335648,7540.0,6636.0,1905.4,1001.4,0.22753785541936616,0.12069914791350386,0.8370125287411622,0.6850273024033748,3142.6,3260.6,1432.3,1550.3,0.2945283300448693,0.33541706514838127,0.6806901386084887
10,0.125,8,10,False,False,False,0.8366775668723593,5422.6,4833.0,1152.0,562.4,0.22037329515462223,0.10627157110065907,0.8480721374746276,0.7058511457237695,2131.8,2238.1,821.0,927.3,0.27571816756818746,0.3125795409842736,0.7022644707438553
10,0.125,10,10,False,False,False,0.8469584025548469,4070.0,3712.5,685.4,327.9,0.20607716249318955,0.1000060323971165,0.8568602161200746,0.7177498916671367,1520.1,1622.7,485.0,587.6,0.2541217530887267,0.3103784635769999,0.7089652678988698
10,0.125,12,10,False,False,False,0.8541881607460573,3190.2,2950.7,430.5,191.0,0.1979209037343971,0.09370277477348858,0.8635014572077045,0.7257532721924328,1152.6,1201.7,314.7,363.8,0.24190355402145447,0.30658990159368005,0.7122037047846026
10,0.125,14,10,False,False,False,0.8601715230714093,2622.5,2448.3,286.0,111.8,0.18958432587734592,0.0900726279798354,0.8686323839452333,0.7166008160467207,910.3,927.8,233.0,250.5,0.23694437906345905,0.3298539888430995,0.6936161605142915
10,0.125,16,10,False,False,False,0.8583603090630841,2247.5,2101.1,211.5,65.1,0.20192565558806233,0.08135372628576923,0.8687434325587828,0.7124313195861514,759.5,746.1,189.3,175.9,0.23113780514150611,0.3439995556861911,0.6802439723777647
10,0.125,18,10,False,False,False,0.862472490879784,1995.5,1867.5,171.4,43.4,0.20278912745181682,0.07226589078861548,0.8735210186310207,0.6917364002930677,662.6,608.8,180.7,126.9,0.2581876624973839,0.3583395369164807,0.6572144007532883
10,0.125,20,10,False,False,False,0.8595339570819339,1802.0,1690.9,143.0,31.9,0.20119219237721375,0.07973989345891827,0.8694452265271269,0.6845460828368084,589.9,522.3,171.2,103.6,0.23233996267751222,0.3985678716488713,0.6252205628849283
10,0.125,22,10,False,False,False,0.8691311144677233,1649.6,1560.9,111.9,23.2,0.17951900252836786,0.0822187685361854,0.8766554131566549,0.657209728847189,534.7,451.1,170.6,87.0,0.2590248273751802,0.42655571493044186,0.5925388156038154
9,0.125,24,10,False,False,False,0.88196908968614,1703.2222222222222,1605.3333333333333,117.55555555555556,19.666666666666668,0.16776200140086528,0.06829981922685466,0.8887115597654667,0.6612171900429176,550.4444444444445,443.3333333333333,184.55555555555554,77.44444444444444,0.26812462040545615,0.4094409995087088,0.5985398679263735
9,0.125,26,10,False,False,False,0.8735350677580969,1591.5555555555557,1509.2222222222222,99.88888888888889,17.555555555555557,0.15653297695786808,0.09639688752593817,0.8771826102386797,0.6457786481820816,510.0,406.3333333333333,173.22222222222223,69.55555555555556,0.2382969446946802,0.4701457589411565,0.5429157186239149
9,0.125,28,10,False,False,False,0.8594978561750957,1489.3333333333333,1405.0,98.33333333333333,14.0,0.19533657299501073,0.08566771465479815,0.868176438335683,0.6512182099492256,477.8888888888889,367.1111111111111,172.44444444444446,61.666666666666664,0.2532297211513831,0.44433385895016553,0.5533984673429818
9,0.125,30,10,False,False,False,0.8255517547186851,1392.7777777777778,1319.888888888889,88.0,15.11111111111111,0.15962230832158622,0.18927418224104364,0.7762978150849856,0.6235770409240694,445.44444444444446,344.22222222222223,158.11111111111111,56.888888888888886,0.20731578045066867,0.5455301377011925,0.4543285778003503
7,0.125,32,10,False,False,False,0.8957176951769111,1671.857142857143,1577.2857142857142,113.42857142857143,18.857142857142858,0.15833610294833583,0.050228506697841964,0.9036451732176187,0.6656727653915546,531.5714285714286,402.85714285714283,186.28571428571428,57.57142857142857,0.27672224749990876,0.3919322217169819,0.5857284271357361
7,0.125,34,10,False,False,False,0.9126916344833226,1565.7142857142858,1468.7142857142858,114.85714285714286,17.857142857142858,0.11937935311777273,0.05523737791558211,0.9164987542285115,0.6534662155133644,496.2857142857143,368.42857142857144,179.28571428571428,51.42857142857143,0.2702470680426398,0.42282050093063134,0.5711230343967428
7,0.125,36,10,False,False,False,0.8424995031490521,1466.7142857142858,1388.5714285714287,98.28571428571429,20.142857142857142,0.1022943503852723,0.21270664331662364,0.77192335265865,0.6535509251290613,457.57142857142856,353.14285714285717,156.85714285714286,52.42857142857143,0.20738027162788564,0.48551787811399166,0.5014340783489611
6,0.125,38,10,False,False,False,0.9067680112824587,1604.6666666666667,1498.5,120.66666666666667,14.5,0.15921163990466286,0.027252337530420032,0.9143070756880456,0.7224246273756783,505.0,361.0,189.16666666666666,45.166666666666664,0.2574919038974865,0.2976588413511568,0.6607095115334441
10,0.25,4,10,False,False,False,0.8169702304191372,9887.3,8472.1,2944.4,1529.2,0.2393313465089312,0.1267281926527946,0.8289344233599174,0.6452595525133022,4515.3,4627.0,2543.3,2655.0,0.32189166777018935,0.3875892272032062,0.6302229433496915
10,0.25,6,10,False,False,False,0.8260506177020648,8148.1,7055.6,2232.8,1140.3,0.2303386355672735,0.11756012902859676,0.837650833751414,0.6592681211535558,3632.4,3724.5,1919.9,2012.0,0.3145525652448119,0.36691119244807663,0.6495387920243387
10,0.25,8,10,False,False,False,0.833464891170269,6807.8,5956.5,1719.6,868.3,0.22223157424371878,0.1108386434157433,0.8446522685158419,0.6726814927250326,2938.4,3058.6,1443.4,1563.6,0.3022724734602579,0.3523645410896769,0.6650462398624979
10,0.25,10,10,False,False,False,0.8378603575960742,5616.5,4952.9,1317.1,653.5,0.2184114237522193,0.10586786105563199,0.8490475805418873,0.6873763238253578,2351.0,2452.5,1062.8,1164.3,0.2904376797940459,0.3348096725552386,0.6818666624923748
10,0.25,12,10,False,False,False,0.8427333407241789,4551.3,4054.7,969.9,473.3,0.21318367900426324,0.1013496395473787,0.8535804894047075,0.701421699885109,1831.0,1928.2,742.6,839.8,0.2777211473922356,0.31943545283754626,0.6970615511611026
10,0.25,14,10,False,False,False,0.8458121862894361,3694.6,3311.5,717.3,334.2,0.21250845046064276,0.0958671769604852,0.8571118374253714,0.7110989019081595,1445.0,1498.5,537.7,591.2,0.27812289100906123,0.29967930517461966,0.7098200449151912
10,0.25,16,10,False,False,False,0.8483677222912036,3071.2,2738.7,554.7,222.2,0.215498675536638,0.08776587988095512,0.8603348456038322,0.7230355012010176,1156.8,1185.6,388.3,417.1,0.2680832460757062,0.2858457515222587,0.7210145345278838
10,0.25,18,10,False,False,False,0.8503235008839634,2594.6,2334.4,415.9,155.7,0.21481952348712263,0.08453347474495075,0.8627216368861822,0.7256106273652643,943.5,970.3,285.7,312.5,0.25985624627641346,0.2889224989930579,0.7196694794247065
10,0.25,20,10,False,False,False,0.8554172227738558,2240.0,2038.7,317.4,116.1,0.20669785692016593,0.0824676975321226,0.8669573698574853,0.725690804248001,789.0,805.3,220.1,236.4,0.2515211625122783,0.29709722899171975,0.714614584646892
10,0.25,22,10,False,False,False,0.853982581444407,1979.4,1810.1,253.7,84.4,0.21166424572984227,0.08037059138134381,0.8658757328543881,0.7194945297171056,687.4,682.1,187.0,181.7,0.2574831755660125,0.3035277649997761,0.706518187001958
10,0.25,24,10,False,False,False,0.8503769948766206,1790.6,1636.4,213.2,59.0,0.22870897781983807,0.07053703242692089,0.865048210863204,0.7139197923188251,612.4,589.7,166.7,144.0,0.27032215550430494,0.3018382598580449,0.7004198604049887
10,0.25,26,10,False,False,False,0.858329724813581,1637.6,1520.1,167.5,50.0,0.20711214356437785,0.07622840680845985,0.8698727510422442,0.7065102187942106,546.5,526.2,142.9,122.6,0.2516674088302321,0.3353121535813464,0.6785171593525974
10,0.25,28,10,False,False,False,0.8535856995258826,1509.6,1401.0,147.3,38.7,0.2135184371683147,0.07931016377992045,0.8653655982265139,0.6971468600133907,499.1,467.1,135.6,103.6,0.24912593302711353,0.3565803469461052,0.6597716353186971
10,0.25,30,10,False,False,False,0.8569381410309387,1404.8,1312.6,121.9,29.7,0.21075925512637764,0.0753644628117451,0.8692564229816906,0.7018941074149772,466.5,424.3,126.8,84.6,0.2396310966961102,0.3565806884739355,0.6572172504930538
10,0.25,32,10,False,False,False,0.8536667526792907,1311.0,1226.0,109.0,24.0,0.21928501262316863,0.07338148201824982,0.8678404497888685,0.6902518454389492,431.0,388.5,117.5,75.0,0.2334854432565654,0.38601086586553623,0.6315522111396187
10,0.25,34,10,False,False,False,0.8568565986977787,1231.6,1149.9,99.8,18.1,0.22075829884503367,0.0655285037594088,0.8715541606189083,0.686585638647701,403.9,350.8,115.6,62.5,0.25410854045308534,0.3727201822515126,0.629568593367319
10,0.25,36,10,False,False,False,0.8624308639783728,1156.5,1093.1,79.3,15.9,0.20096830752333714,0.07416996451991749,0.8732231140655827,0.673409336306607,377.2,325.9,109.0,57.7,0.24325563698369318,0.4099256904030928,0.6092440302185288
10,0.25,38,10,False,False,False,0.8637109455763093,1087.2,1029.4,74.0,16.2,0.19359764065859203,0.07898046818878912,0.8733294858688551,0.66873092554791,354.8,300.9,106.2,52.3,0.24383736455286759,0.41870078435131236,0.5978987030214363
10,0.375,4,10,False,False,False,0.821457645882421,8762.5,7614.6,2497.2,1349.3,0.2311775176805649,0.12590719055459287,0.8325254194411162,0.6403320329975014,4020.4,4213.3,2285.1,2478.0,0.3226516619461386,0.3966842720588585,0.6232572585135667
10,0.375,6,10,False,False,False,0.8276590335961872,7662.8,6739.4,2049.5,1126.1,0.222856476347819,0.12182545645980644,0.8379000337148194,0.6533368768373957,3443.8,3704.4,1823.2,2083.8,0.30622360287325795,0.38710264345195033,0.6373254467081793
10,0.375,8,10,False,False,False,0.8323290436028283,6728.4,5935.8,1710.6,918.0,0.21915466859332344,0.11618724420101978,0.8427100901821358,0.6636427288407699,2964.1,3182.1,1498.7,1716.7,0.29859079437123365,0.37412374794722647,0.6501330422352009
10,0.375,10,10,False,False,False,0.8377959600425425,5781.7,5125.5,1387.9,731.7,0.21414891535745384,0.1102591645574611,0.8479474469379479,0.6738351517819113,2467.4,2651.5,1177.0,1361.1,0.2939240747475475,0.3584056216886297,0.6638829873119716
10,0.375,12,10,False,False,False,0.8408678221116187,4833.0,4332.2,1078.3,577.5,0.20906815565168385,0.10919620012507862,0.8505964447366164,0.6914213327256985,1997.0,2157.7,858.8,1019.5,0.27605630133326375,0.3411010332153393,0.6827985341948556
10,0.375,14,10,False,False,False,0.846813506390957,4060.4,3621.2,847.4,408.2,0.20770684423579358,0.09866614298229257,0.8572137365523238,0.6993604919920586,1618.1,1699.7,666.6,748.2,0.2811041946083395,0.3201748214075431,0.6956737479404375
10,0.375,16,10,False,False,False,0.8456480581201047,3399.0,3032.4,677.7,311.1,0.21288098232835545,0.09582290143143532,0.8569271888712935,0.7128334086430618,1313.0,1378.0,485.9,550.9,0.2708282534140695,0.3035049292998068,0.7095115060946805
10,0.375,18,10,False,False,False,0.8475509373880842,2907.1,2570.5,547.5,210.9,0.22041490752678644,0.08448321769704523,0.8605086218482765,0.7138593158442571,1098.1,1111.6,397.2,410.7,0.2837995078491058,0.28848186046237995,0.7137784575818312
10,0.375,20,10,False,False,False,0.8498553652782199,2514.6,2256.0,426.2,167.6,0.2142238590032574,0.08606541044030276,0.861876605056527,0.7255989286863957,912.6,952.3,286.1,325.8,0.2549738285599282,0.29382831406728027,0.7197856103905395
10,0.375,22,10,False,False,False,0.8519389284252034,2217.1,1998.3,346.4,127.6,0.21241021351134276,0.08371192963825057,0.8640803661282936,0.7288959477666,791.8,809.3,231.9,249.4,0.2534097574431362,0.28879834702366364,0.7209595571574179
10,0.375,24,10,False,False,False,0.8562923204247769,1989.8,1801.9,283.2,95.3,0.21119373522998322,0.07622162392046321,0.8691137607056222,0.725800862716635,695.1,696.9,197.9,199.7,0.2594971097307158,0.28890116483601413,0.7166084637331476
10,0.375,26,10,False,False,False,0.8575882162884604,1813.4,1643.8,241.0,71.4,0.21381162833621842,0.07101193908686082,0.8702404424604715,0.7181016660643651,619.8,609.2,173.5,162.9,0.26711486257610706,0.2966818052951629,0.706295765985547
10,0.375,28,10,False,False,False,0.8520733968403507,1654.8,1508.1,207.2,60.5,0.21748155476272904,0.07837165155656997,0.8649478304780344,0.709050864227511,560.5,543.9,154.6,138.0,0.2664257098463721,0.31547256169860594,0.6915546157254029
10,0.375,30,10,False,False,False,0.8534375537620542,1528.8,1403.2,174.2,48.6,0.22191002662943649,0.071214865846455,0.866902561319281,0.713675961488261,520.0,492.0,138.4,110.4,0.27385651092069674,0.2987915661027814,0.6973055806432789
10,0.375,32,10,False,False,False,0.8632527364646961,1418.7,1312.4,145.1,38.8,0.2022010755248998,0.07129345154570796,0.8743853048386834,0.706764953080594,475.3,446.9,124.6,96.2,0.26342984900599936,0.323040244832813,0.6820846096635625
10,0.375,34,10,False,False,False,0.8579783648348966,1321.8,1231.7,122.7,32.6,0.21065604395120857,0.0733872263789982,0.8701863871007184,0.7015956125138756,439.7,411.8,114.4,86.5,0.25680837459431427,0.34000040037793455,0.6689040064014038
10,0.375,36,10,False,False,False,0.8514771740714808,1238.0,1152.3,115.5,29.8,0.2174932308428587,0.07955242101417986,0.8640622475847749,0.7002729174372548,413.4,383.6,104.6,74.8,0.24948457679925728,0.3499695883262329,0.6605876245975629
10,0.375,38,10,False,False,False,0.8552491587570799,1167.1,1087.8,101.2,21.9,0.2255415425826229,0.06396013990321736,0.8694609848276557,0.697796863171259,385.3,354.3,99.4,68.4,0.24772470789822285,0.35668156575925913,0.6515857336043858
10,0.5,4,10,False,False,False,0.8234294117045191,8169.0,7154.4,2271.9,1257.3,0.2279628241739547,0.1251783524170071,0.8340176299896566,0.6422567001942912,3775.3,3998.2,2116.1,2339.0,0.3189445153415352,0.39654208426988236,0.624636863101381
10,0.5,6,10,False,False,False,0.8303241758245052,7367.4,6469.9,1945.7,1048.2,0.22109756596606883,0.11825408238492074,0.8406160907196559,0.6515961762183363,3343.8,3586.0,1784.4,2026.6,0.30819143177549935,0.3886162157878279,0.6350796678081789
10,0.5,8,10,False,False,False,0.8330865131601227,6566.2,5816.1,1657.5,907.4,0.21695702796402278,0.11686994571573175,0.8429981238384121,0.6555198679060493,2923.5,3134.1,1531.4,1742.0,0.30752759150354725,0.3814326726843541,0.6415452074304656
10,0.5,10,10,False,False,False,0.8367929847453981,5731.3,5101.1,1381.3,751.1,0.21228861486253767,0.11412541564666623,0.8464011652299137,0.6720308685259154,2483.2,2708.8,1191.3,1416.9,0.2878388309129319,0.3680994320352373,0.6590059422160477
10,0.5,12,10,False,False,False,0.8397510691346731,4893.0,4347.7,1131.4,586.1,0.21211029745229487,0.10838756427835894,0.8498203899250584,0.6828364175756226,2056.5,2201.6,935.4,1080.5,0.28680476440203745,0.34752240044671723,0.6744575141754812
10,0.5,14,10,False,False,False,0.8444474059501978,4141.3,3712.5,882.6,453.8,0.20739998410995203,0.10370520398965247,0.8545988304837049,0.6961888326615779,1681.2,1802.5,704.1,825.4,0.27581518798950416,0.33180714668733974,0.6898816953067344
10,0.5,16,10,False,False,False,0.8473520258681273,3527.9,3142.7,718.1,332.9,0.2092447474759908,0.09605120078775436,0.8580823000857469,0.7074056025602464,1395.7,1447.2,553.7,605.2,0.27826359958870556,0.3069251952908017,0.7057907002069934
10,0.5,18,10,False,False,False,0.8478967837945657,3021.2,2683.2,589.4,251.4,0.21287710587671368,0.09132932653415493,0.8594609599538954,0.7121564481046367,1157.9,1209.2,425.7,477.0,0.2728125997422402,0.30287450404848615,0.7095260181261658
10,0.5,20,10,False,False,False,0.8527513067225776,2630.0,2364.7,462.1,196.8,0.2053608195249262,0.08913656702991866,0.8635814874500849,0.7171776755835977,976.9,1011.3,336.2,370.6,0.26828056659112515,0.29736408224167926,0.7135064187172052
10,0.5,22,10,False,False,False,0.8532090669014666,2323.6,2092.3,386.4,155.1,0.20656375470940586,0.08701811148766096,0.8641541102832214,0.725345774174275,843.6,872.2,261.9,290.5,0.2576785093234793,0.2916299423279705,0.7199878791494536
10,0.5,24,10,False,False,False,0.8531795111740379,2085.6,1896.3,314.9,125.6,0.2067166264664432,0.08692435118548064,0.8642791457771197,0.7212172873073228,737.8,748.0,226.3,236.5,0.2652057983555839,0.2923596270297707,0.7147027188530783
10,0.5,26,10,False,False,False,0.8571468996062152,1895.1,1727.3,267.3,99.5,0.2049606396617852,0.08074556112578432,0.8685311160972663,0.723004091496015,653.7,670.1,182.5,198.9,0.2531474047683117,0.3008444122396583,0.7111759041872163
10,0.5,28,10,False,False,False,0.8575406168064381,1727.9,1586.9,224.7,83.7,0.20221819716606942,0.08270056922105429,0.8682357864665733,0.7189098921760249,592.3,596.7,161.4,165.8,0.25397764550798047,0.3082025701399699,0.7038423692179869
10,0.5,30,10,False,False,False,0.8535474510708283,1596.7,1461.1,200.3,64.7,0.21284224007365107,0.08006285778469244,0.865512724285853,0.7204707635307913,546.5,537.9,144.4,135.8,0.2551159090641914,0.30394256387422586,0.7037403923462424
10,0.5,32,10,False,False,False,0.8552876294428611,1477.8,1362.0,171.7,55.9,0.20970709007636473,0.07971765103791292,0.8674121194805732,0.7218160976405386,507.3,494.5,124.8,112.0,0.2554563316362705,0.30091147308265226,0.7050966441617327
10,0.5,34,10,False,False,False,0.857104256729119,1378.6,1273.5,150.4,45.3,0.20690372028062964,0.07888776626113232,0.8683763247519336,0.7231912612849452,468.1,453.9,112.6,98.4,0.24117021481149692,0.31244726261861305,0.6969059762008765
10,0.5,36,10,False,False,False,0.8614010416167048,1292.9,1194.2,134.7,36.0,0.20925781599080567,0.06794010077578462,0.8735953640629278,0.7119699294589097,433.9,415.6,106.2,87.9,0.24899580624437148,0.3270643348378091,0.6822251253972632
10,0.5,38,10,False,False,False,0.8606109114410131,1212.8,1130.9,114.8,32.9,0.20340281211670336,0.07537536500127029,0.87152820758663,0.6999207994288994,403.6,383.9,100.6,80.9,0.2564329084464891,0.3437254926957121,0.6646955039334125
10,0.625,4,10,False,False,False,0.8262663230793548,7807.9,6835.7,2139.2,1167.0,0.22514163119068029,0.12232572265061062,0.8366805402742237,0.641393912016228,3603.1,3856.6,2018.6,2272.1,0.31758692803771416,0.3996252479298298,0.6232803246562488
10,0.625,6,10,False,False,False,0.8316061617963205,7101.2,6292.7,1841.2,1032.7,0.21729400419402406,0.11949367221333514,0.8414208408206812,0.6510174610882629,3235.3,3526.2,1719.0,2009.9,0.30444768591996624,0.39351739190350793,0.6326049643674028
10,0.625,8,10,False,False,False,0.8331213696947566,6422.7,5675.9,1630.8,884.0,0.2171651210671223,0.11659213954336449,0.8431881217227609,0.6535951680926637,2879.2,3091.4,1521.6,1733.8,0.3076460249107368,0.3851636389039355,0.6385594339525172
10,0.625,10,10,False,False,False,0.8343367772832175,5654.3,5020.2,1387.6,753.5,0.21610934212689506,0.11521710330667004,0.8443316939519073,0.666927245166341,2473.7,2675.8,1219.5,1421.6,0.29524480070299813,0.3709007089643198,0.6539873451074337
10,0.625,12,10,False,False,False,0.8391022310741427,4883.9,4341.5,1137.1,594.7,0.2124916353901673,0.10930390246154745,0.8491997549469685,0.6805333837989661,2062.9,2231.3,946.7,1115.1,0.28440296297935663,0.3545302694227114,0.6701602067271581
10,0.625,14,10,False,False,False,0.8441749636718207,4183.8,3720.8,918.5,455.5,0.20877373271964048,0.10287633993671826,0.8543429549239384,0.6957121304773032,1718.6,1835.6,728.3,845.3,0.2764187202514288,0.3321570187939648,0.6889779901249953
10,0.625,16,10,False,False,False,0.8458295135142386,3570.8,3180.6,746.8,356.6,0.20924477733053998,0.09909619564098265,0.8562800790308523,0.7027596996798107,1421.3,1491.4,574.5,644.6,0.2786792421870404,0.3158013584533384,0.6997503518259645
10,0.625,18,10,False,False,False,0.8457436582747502,3080.3,2730.5,620.1,270.3,0.21489578126433545,0.09361690218616445,0.8574036950958984,0.7125134460930741,1193.9,1253.6,444.9,504.6,0.2694795354161437,0.30549357239770825,0.7097370835397281
10,0.625,20,10,False,False,False,0.8519529431504953,2698.3,2418.2,492.6,212.5,0.20487999909227309,0.09121411460673669,0.8624464179088435,0.7160769684482094,1010.5,1055.8,355.2,400.5,0.2686369061410706,0.2992091569625107,0.7131687493663273
10,0.625,22,10,False,False,False,0.8572765115526673,2397.0,2160.7,401.6,165.3,0.19801699444633872,0.08742998244832687,0.8674375090766168,0.7245659389871513,879.0,903.8,289.3,314.1,0.26147439861488064,0.28939372341081676,0.7209057460897974
10,0.625,24,10,False,False,False,0.8556319312059172,2153.7,1954.3,338.2,138.8,0.20136758818760953,0.08736854940055641,0.8661376194442107,0.7227215035486733,767.9,795.0,236.5,263.6,0.2585054786955862,0.2960515142070673,0.716052095205083
10,0.625,26,10,False,False,False,0.8567705664303371,1963.3,1774.8,295.9,107.4,0.20587255495234097,0.08058631218698474,0.8682379267800513,0.7212493883732387,696.8,692.5,211.3,207.0,0.2769919280302077,0.28050929522331486,0.7190559299232061
10,0.625,28,10,False,False,False,0.8547033061398256,1790.7,1626.9,253.7,89.9,0.20841936365043456,0.082174024069914,0.8663232026564444,0.726562711516292,624.3,627.2,175.5,178.4,0.2562837415655752,0.2905908354018409,0.7167336382036702
10,0.625,30,10,False,False,False,0.8554468605281688,1649.9,1511.3,215.2,76.6,0.2061328726581367,0.08297340628552576,0.8664483194779496,0.7199426965452604,567.6,562.0,155.8,150.2,0.26049788148087305,0.2996167254286058,0.7059708234824781
10,0.625,32,10,False,False,False,0.859942686541135,1529.9,1405.8,185.9,61.8,0.2014538637861965,0.07866076313153338,0.8713034322702349,0.7185272687161288,521.2,518.0,134.2,131.0,0.25441134383358066,0.3085341187341616,0.7014649625859495
10,0.625,34,10,False,False,False,0.8589734659812208,1422.0,1315.1,159.9,53.0,0.2005197269028352,0.08153334113472344,0.8696113367961015,0.7153149709524007,484.1,474.6,122.5,113.0,0.25399269080863895,0.3153773672865595,0.6940800928607762
10,0.625,36,10,False,False,False,0.857292293015948,1332.7,1231.4,146.0,44.7,0.205863309779327,0.07955210418877699,0.8684564050765061,0.7070482345388351,446.3,435.4,112.7,101.8,0.2535388711845526,0.3323646597377774,0.6789772693254431
10,0.625,38,10,False,False,False,0.8496755592537422,1249.0,1154.1,135.6,40.7,0.2182302006214078,0.08241868087110779,0.8619420518312382,0.7042063582114293,415.9,402.0,106.1,92.2,0.24529752771637442,0.3462897558607668,0.6697090447677896
10,0.75,4,10,False,False,False,0.8264919100897675,7502.6,6622.8,2027.4,1147.6,0.22278195535330814,0.12423422446715708,0.8365391563414315,0.6411002272886177,3479.9,3756.6,1947.5,2224.2,0.3151178071927069,0.4026817382300577,0.6217807678330158
10,0.75,6,10,False,False,False,0.8313217780722061,6901.2,6127.4,1785.5,1011.7,0.21653986237996978,0.1208165814756181,0.8407661387435924,0.6479997130767227,3149.3,3445.0,1693.1,1988.8,0.3065470676406292,0.3974535062059254,0.6289299346854019
10,0.75,8,10,False,False,False,0.8328508743560936,6283.2,5560.4,1597.0,874.2,0.21772608990747497,0.1165721613803374,0.8429120686134727,0.6558808286263628,2824.2,3087.9,1468.4,1732.1,0.30033061859114657,0.3879077241561279,0.6390592055105702
10,0.75,10,10,False,False,False,0.8374400331241766,5596.6,4974.7,1353.8,731.9,0.21148040217081698,0.11363953158082984,0.846938301872882,0.666453017047785,2458.7,2668.8,1216.3,1426.4,0.2949565630461776,0.37213740285825225,0.652960430241494
10,0.75,12,10,False,False,False,0.8405966633943006,4850.7,4330.1,1119.1,598.5,0.20949968250120513,0.10930699071019359,0.8503144848134028,0.6770287092497788,2067.8,2220.0,972.6,1124.8,0.2899325734328286,0.35601000806761396,0.6671737611102315
10,0.75,14,10,False,False,False,0.8432396794885868,4171.4,3722.2,919.8,470.6,0.20805540234530434,0.10546523867752197,0.8531004178217294,0.6911800199566814,1719.9,1850.3,744.6,875.0,0.2787970731599388,0.3388428869266983,0.6839017586196958
10,0.75,16,10,False,False,False,0.8457254569703252,3586.2,3201.1,752.5,367.4,0.20858096491677097,0.0999681211425787,0.8560777430972317,0.6987805783722614,1434.0,1510.8,596.4,673.2,0.28077419493059075,0.32166464832488656,0.6950059214285627
10,0.75,18,10,False,False,False,0.8497969399630237,3101.4,2786.0,606.3,290.9,0.20231797602440346,0.09808814404954896,0.8593953988712111,0.7076907425742617,1194.8,1292.8,448.7,546.7,0.26368794885909075,0.32093056599238595,0.701307759821415
10,0.75,20,10,False,False,False,0.8533421886377696,2731.7,2461.2,498.9,228.4,0.20044617032744355,0.09286945239701755,0.863337251425371,0.7135926189596679,1025.8,1088.2,366.6,429.0,0.2643786326036318,0.3084361294770325,0.7086486456006315
10,0.75,22,10,False,False,False,0.8555464856957092,2425.9,2202.4,411.5,188.0,0.19415126465864613,0.09475576394993541,0.8646285642810106,0.7198031567361058,887.5,942.3,293.4,348.2,0.25532509735274234,0.3050685891750461,0.7131018022160737
10,0.75,24,10,False,False,False,0.8541598203453512,2197.9,1980.4,363.1,145.6,0.20535166064061966,0.08632869866867796,0.8652552646183889,0.7234992146974206,793.2,819.9,249.7,276.4,0.26092311564070536,0.2920784549644536,0.7184929374377067
10,0.75,26,10,False,False,False,0.8551681881492608,1997.5,1809.7,309.1,121.3,0.20430653366929064,0.08535709003218762,0.8662724874330887,0.724526779826018,707.5,726.1,212.1,230.7,0.2575812021420064,0.29336523820595767,0.717517126224281
10,0.75,28,10,False,False,False,0.8560599886101976,1829.7,1657.8,270.8,98.9,0.2071229002602062,0.0807571225193988,0.8676845099385094,0.723115333112523,642.0,643.9,188.9,190.8,0.2644796303925028,0.2892897033824512,0.7156764850917059
10,0.75,30,10,False,False,False,0.8561768284337494,1690.1,1541.4,232.6,83.9,0.2057938030691817,0.08185254006331928,0.8675738486419794,0.7218216000303371,584.9,586.0,160.4,161.5,0.2605479820913285,0.2958088178479972,0.7115407178983423
10,0.75,32,10,False,False,False,0.8533437394642263,1564.0,1435.0,201.7,72.7,0.20774845714062923,0.08556406393091817,0.8649831160213839,0.7190427222087246,535.0,530.7,146.6,142.3,0.25801802631648285,0.303896529266068,0.7046843598227265
10,0.75,34,10,False,False,False,0.8557057775934764,1453.5,1332.8,180.7,60.0,0.21048835993126827,0.07810008488177886,0.8678263861556921,0.7185354654973523,494.8,489.7,128.4,123.3,0.25923145276653853,0.3036976162387568,0.7032261480397392
10,0.75,36,10,False,False,False,0.8663588009376422,1363.7,1260.6,152.3,49.2,0.19239597694021002,0.07488642118450567,0.8764622064973688,0.7197259296482984,459.4,453.8,113.9,108.3,0.24305592220935673,0.3174922184940466,0.6977076756897737
10,0.75,38,10,False,False,False,0.8556568801276997,1274.7,1176.5,142.8,44.6,0.21124322499174833,0.07744301475285233,0.8675775237389407,0.7115082848328755,427.6,425.1,100.7,98.2,0.2508723753330388,0.3261110550012102,0.6855204193753337
10,0.875,4,10,False,False,False,0.8267062803954195,7292.2,6449.7,1955.3,1112.8,0.22269016813686707,0.12389727107229401,0.8367311707273049,0.6413036535315959,3379.2,3683.1,1879.3,2183.2,0.3125768055369121,0.4048158873998964,0.6207462431144684
10,0.875,6,10,False,False,False,0.8311511445350508,6732.0,5999.2,1729.9,997.1,0.21504325543079025,0.12265445549910811,0.8402244823674543,0.6494196853991812,3092.9,3390.9,1651.4,1949.4,0.3035147219825237,0.39764590721911375,0.6294912277095069
10,0.875,8,10,False,False,False,0.8340043428796683,6169.3,5470.4,1557.1,858.2,0.2153295484815106,0.11666176575915262,0.8437780320706001,0.6552797922409852,2782.9,3055.7,1445.2,1718.0,0.30030028775155154,0.389140127766478,0.6380833332283099
10,0.875,10,10,False,False,False,0.837659492139417,5509.0,4924.5,1323.5,739.0,0.2098607496118286,0.11482026610933713,0.8469327112782228,0.6648474694340543,2442.4,2651.3,1215.9,1424.8,0.2958372334637328,0.3744678276681587,0.65081788250936
10,0.875,12,10,False,False,False,0.839990170576191,4801.5,4299.0,1109.8,607.3,0.2085195522592072,0.11150010658841147,0.8494667595608293,0.6773620709291188,2065.8,2229.8,967.4,1131.4,0.28736918295971875,0.35790667518204355,0.6665123902217385
10,0.875,14,10,False,False,False,0.8444003512652527,4158.1,3714.5,914.6,471.0,0.20691198244424563,0.10428731502524913,0.8542233746258916,0.6884197739504602,1732.5,1851.6,766.3,885.4,0.28294089931803335,0.3402195527810464,0.6810394609427755
10,0.875,16,10,False,False,False,0.8459864410448754,3577.5,3216.0,749.3,387.8,0.20300830400822015,0.10501881390202872,0.8552934311223217,0.696805566194209,1433.3,1545.7,593.0,705.4,0.2743905430592479,0.33199832455233413,0.6904551742233348
10,0.875,18,10,False,False,False,0.8495288641656863,3104.3,2807.5,606.2,309.4,0.19764546597343474,0.1032968056951924,0.858391571815007,0.7033821878564391,1198.9,1312.7,459.3,573.1,0.2634413498151683,0.3297942744719536,0.6953524023657451
10,0.875,20,10,False,False,False,0.852639960116519,2746.5,2478.2,507.5,239.2,0.19832477601695203,0.09639530375000996,0.8620893942191854,0.7090136265211403,1036.4,1105.9,381.6,451.1,0.2668076602568391,0.3151650867008803,0.7033807210828295
10,0.875,22,10,False,False,False,0.8546053051899397,2446.9,2218.9,424.5,196.5,0.1957274144091144,0.09506197521100637,0.8637863735749705,0.715365565137384,904.6,958.0,309.5,362.9,0.2616824005627918,0.30758646916244003,0.7095353925519723
10,0.875,24,10,False,False,False,0.852068054298164,2218.4,1999.4,376.2,157.2,0.20619432700505907,0.08966956439861291,0.8630342462607095,0.7250352647807878,809.1,842.6,257.7,291.2,0.2562041678208381,0.29372530261758634,0.7188001619276874
10,0.875,26,10,False,False,False,0.858664628127741,2029.0,1840.8,312.2,124.0,0.19760173421485944,0.08506900952965857,0.8688291523166228,0.7240672322222524,722.2,745.6,220.0,243.4,0.2578984028721062,0.2939671326833889,0.7170998066441128
10,0.875,28,10,False,False,False,0.8591520064983322,1862.1,1690.9,274.1,102.9,0.19926512026903992,0.0824308667342953,0.8694805401370452,0.7232697202149418,655.4,665.7,193.6,203.9,0.26093514590602956,0.2925254136640868,0.7165376195949226
10,0.875,30,10,False,False,False,0.8603690262252147,1715.3,1571.1,234.9,90.7,0.19273032222885772,0.08653162532071298,0.8697735644842183,0.7293061130330362,596.3,610.5,160.4,174.6,0.24528636722301997,0.296101406710908,0.7160881303473237
10,0.875,32,10,False,False,False,0.8591036158779307,1589.1,1457.3,207.9,76.1,0.19836747617569642,0.08342529206844215,0.8693683855233088,0.7225209861070798,545.6,550.5,147.5,152.4,0.2506942725911549,0.3042637551946855,0.7073725308178691
10,0.875,34,10,False,False,False,0.8591284359465806,1476.9,1356.3,185.4,64.8,0.20266792280737217,0.0790752052994665,0.8701351632370246,0.7201352583780192,507.5,504.3,133.6,130.4,0.2625803905635085,0.297149092680453,0.7069271092759537
10,0.875,36,10,False,False,False,0.858083521297937,1385.8,1269.3,170.6,54.1,0.20623377533215664,0.07759918207196959,0.8696648363723224,0.7232012167426134,470.1,470.5,115.3,115.7,0.24442012430554697,0.3091774422092263,0.7029026765801046
10,0.875,38,10,False,False,False,0.8673244816731419,1300.2,1203.6,142.5,45.9,0.1895124113439629,0.07583862530975338,0.8770647914208013,0.7098666022509673,437.3,427.0,114.2,103.9,0.26263578683560185,0.3176310086624635,0.6889333929918741
10,1.0,4,10,False,False,False,0.8276684600372425,7117.5,6301.3,1897.9,1081.7,0.22180313750385103,0.12285994242166391,0.8376784228698018,0.6422364563366793,3330.3,3613.8,1843.9,2127.4,0.3122748063603658,0.40325228096627586,0.6218698177111243
10,1.0,6,10,False,False,False,0.8308625610559393,6599.2,5875.2,1696.4,972.4,0.21666770524468762,0.12160717264343379,0.8403587472965054,0.6484793586422672,3044.4,3330.5,1637.3,1923.4,0.30510423951127547,0.3979370432041902,0.6290171282787733
10,1.0,8,10,False,False,False,0.8347115327917208,6063.5,5401.1,1512.0,849.6,0.21377647264729896,0.1168004617692592,0.844274383785906,0.6503882712427292,2747.5,2990.3,1464.3,1707.1,0.30849281197163936,0.3907306455429022,0.6340596477856232
10,1.0,10,10,False,False,False,0.8371344942632936,5432.1,4867.0,1303.9,738.8,0.2092514382160652,0.11647957325734755,0.8462072984401404,0.6617933705077071,2404.1,2632.3,1213.6,1441.8,0.29593672171025176,0.38047653727433406,0.6467023547861284
10,1.0,12,10,False,False,False,0.8388862626727234,4750.6,4258.8,1103.7,611.9,0.20805256634058084,0.11417490831397277,0.8480537854095951,0.6741578827962847,2037.9,2232.1,961.9,1156.1,0.2863440786003336,0.36534015580709667,0.661629108931907
10,1.0,14,10,False,False,False,0.8429326164464619,4124.7,3699.0,911.3,485.6,0.20573618257937176,0.10839858452770448,0.8521913479090804,0.6872150475832035,1715.8,1870.5,753.2,907.9,0.27796090085130565,0.3476090039822873,0.6779940929676671
10,1.0,16,10,False,False,False,0.8454824596321007,3568.6,3217.9,745.8,395.1,0.20190663737088052,0.10712844336491804,0.854562680307837,0.6931349224343939,1443.1,1536.6,615.9,709.4,0.28182287840038595,0.3319072767308263,0.6876432078040896
10,1.0,18,10,False,False,False,0.8462908549792086,3110.9,2796.6,626.1,311.8,0.20458401523521638,0.10283427480636613,0.8562183965520125,0.7026577153520642,1221.3,1309.7,481.4,569.8,0.27099254921632404,0.32369202007954756,0.6969747092030101
10,1.0,20,10,False,False,False,0.8514044502974709,2752.2,2488.0,516.4,252.2,0.1976248673208167,0.09956623208424134,0.8606617280945779,0.7110787387717605,1049.5,1120.3,387.1,457.9,0.2646036574554937,0.313238865000985,0.705761477505556
10,1.0,22,10,False,False,False,0.8537746117706841,2469.7,2224.7,441.6,196.6,0.19963240820515654,0.0928183682534753,0.8634399108217435,0.7111439202903217,914.6,963.6,323.9,372.9,0.26923490965311536,0.3084772497662413,0.7063508224957241
10,1.0,24,10,False,False,False,0.8550940434559291,2236.2,2025.0,376.1,164.9,0.19989999410917966,0.0899119189789624,0.8653398225180025,0.7235922523143996,817.2,857.4,262.2,302.4,0.2563111417753846,0.2965043535958163,0.7177356971015924
10,1.0,26,10,False,False,False,0.8562319066210031,2045.8,1856.5,324.9,135.6,0.19867828202461058,0.08885790473338337,0.86656537863071,0.7217681035081059,729.3,755.7,226.7,253.1,0.260003845607211,0.2964599473765772,0.715910357688531
10,1.0,28,10,False,False,False,0.8567608904868707,1876.0,1708.1,283.5,115.6,0.19853245959341573,0.08794575943284325,0.867104867928505,0.7202382691451958,659.7,676.4,198.0,214.7,0.26514134245364407,0.2943821192559642,0.7138352427833459
10,1.0,30,10,False,False,False,0.859872132640722,1732.2,1587.9,243.6,99.3,0.1938573293959827,0.086398405322573,0.8695990859263028,0.7294841557294284,603.2,622.0,164.3,183.1,0.2465315317459451,0.2945001567951982,0.7174107672015506
10,1.0,32,10,False,False,False,0.8573719320376668,1604.7,1468.8,220.1,84.2,0.20051597244610106,0.08474016347856506,0.8678798480007798,0.7178471194543639,553.9,559.7,153.1,158.9,0.2645783252883576,0.29972743580291483,0.7072966511323091
10,1.0,34,10,False,False,False,0.8584960536476436,1496.5,1370.2,194.0,67.7,0.20268540003146002,0.0803224926732531,0.8692854020767479,0.7155028183311899,512.8,511.9,139.2,138.3,0.26181062010228484,0.3071837432353357,0.7008436606828369
10,1.0,36,10,False,False,False,0.8616334764465847,1400.1,1296.9,165.0,61.8,0.1925408140194667,0.08419223308736398,0.871381457334946,0.720487622452952,475.5,477.1,120.9,122.5,0.24829135284914633,0.31073340224494983,0.7013251143198628
10,1.0,38,10,False,False,False,0.8612105921206157,1317.4,1208.6,157.3,48.5,0.2046547310465717,0.07292408471219727,0.8730894223374299,0.7215227248008235,447.2,440.8,111.5,105.1,0.25160132211871733,0.30535322827963574,0.7015004350553793
10,1.125,4,10,False,False,False,0.8288513092059553,6975.8,6163.0,1853.7,1040.9,0.22121969442021552,0.12107768716787397,0.8388791132667481,0.6427418808222674,3265.9,3555.0,1806.5,2095.6,0.311150305653954,0.4033659327015111,0.6220774784551153
10,1.125,6,10,False,False,False,0.8319098482821069,6490.6,5761.9,1668.3,939.6,0.21725054657670145,0.11892975685908469,0.8415917953130476,0.6474076174577735,3013.3,3264.7,1639.1,1890.5,0.3104605186180509,0.39472424646640214,0.6295286001368761
10,1.125,8,10,False,False,False,0.8328319764440512,5963.9,5301.5,1507.8,845.4,0.21602272793931507,0.11831331917258255,0.8425179445712727,0.6518242630260979,2721.0,2976.1,1436.6,1691.7,0.304313927712471,0.3920375462353333,0.6340471367730812
10,1.125,10,10,False,False,False,0.8358290731664375,5376.4,4782.9,1313.9,720.4,0.21379502823694868,0.1145468254301764,0.8456201237193948,0.6602880562251573,2396.7,2601.3,1223.4,1428.0,0.3002803459576631,0.37914354159202235,0.6462632913787473
10,1.125,12,10,False,False,False,0.8397753046135156,4697.2,4242.6,1073.6,619.0,0.2037871128322068,0.11666227794076185,0.848202902125332,0.6741186720759087,2025.8,2232.5,957.4,1164.1,0.2838613137271254,0.3679013421210572,0.660818380262175
10,1.125,14,10,False,False,False,0.8445016353463597,4106.1,3677.3,907.7,478.9,0.2041494277704671,0.1068473015368133,0.8537366241261017,0.6859097204127982,1729.4,1858.4,773.9,902.9,0.2832466132724955,0.3449339459019082,0.6778045244143459
10,1.125,16,10,False,False,False,0.8446867190989321,3566.7,3187.6,764.9,385.8,0.2069237092318356,0.10370285257030014,0.85462439736753,0.6947370900970589,1454.0,1550.3,615.6,711.9,0.27986407706839456,0.33066174273748794,0.6891155776009472
10,1.125,18,10,False,False,False,0.8495242152479896,3109.1,2804.9,617.9,313.7,0.19818014187752003,0.10277142762650075,0.8584759779276594,0.7032550627984542,1220.5,1330.2,475.5,585.2,0.26476550469737187,0.3287243697057197,0.695706392286163
10,1.125,20,10,False,False,False,0.8514357870680909,2765.9,2491.9,521.5,247.5,0.19918790643779113,0.0979405194260269,0.8607844222907651,0.7091890729228638,1056.0,1135.5,390.4,469.9,0.2631310181009736,0.3184908360532987,0.7026178182147562
10,1.125,22,10,False,False,False,0.8547475621550555,2474.7,2239.3,438.8,203.4,0.19632036175102982,0.09418451393885921,0.8641073291565334,0.7155614378774962,927.7,982.9,324.5,379.7,0.2619974732560868,0.3068796509889209,0.7098613417193917
10,1.125,24,10,False,False,False,0.8523293301436297,2244.7,2029.6,386.8,171.7,0.20239343770143953,0.09294790201130085,0.862584403741295,0.7125308775609686,820.4,860.6,278.9,319.1,0.2686940777321132,0.30624416714594976,0.7072127452329996
10,1.125,26,10,False,False,False,0.8569628771057595,2057.3,1864.0,335.5,142.2,0.19823956649574132,0.08783467929273955,0.8669868901163784,0.7183960725097773,737.2,765.1,235.6,263.5,0.2663320694967048,0.2968757854837406,0.7135778014536693
10,1.125,28,10,False,False,False,0.8556197312521837,1886.8,1724.0,287.4,124.6,0.19637929317227637,0.09238124432335629,0.865169727045455,0.7239638173536432,667.4,697.0,194.0,223.6,0.2569768723847075,0.29509549290800624,0.7166962096323549
10,1.125,30,10,False,False,False,0.8536542485275362,1747.4,1593.6,260.0,106.2,0.2017280354503334,0.09096346749459402,0.8641965316878506,0.7219735616846481,613.4,624.5,178.4,189.5,0.26336451413212636,0.29268836249857744,0.7147611115036795
10,1.125,32,10,False,False,False,0.8606752937885197,1623.2,1493.6,218.0,88.4,0.19158545709939626,0.08706395532356438,0.8700880086054704,0.7213872529044554,562.9,573.2,154.3,164.6,0.2597703928829066,0.29745510130818253,0.7104698821711264
10,1.125,34,10,False,False,False,0.8589760855296531,1511.2,1390.2,196.8,75.8,0.19881908568440962,0.08322874325628431,0.8694715585827248,0.7252734486404657,519.9,527.8,136.2,144.1,0.2493646215089181,0.30008848121015036,0.7100268102051518
10,1.125,36,10,False,False,False,0.8590542629800215,1423.0,1304.8,181.8,63.6,0.2026589563084209,0.07923251773153611,0.8703372040124497,0.7188869814688494,484.5,482.4,127.8,125.7,0.26364535093725705,0.29858068612504407,0.7071706368967969
10,1.125,38,10,False,False,False,0.8587191214914492,1334.5,1230.8,159.8,56.1,0.20084692261217288,0.08171483440492863,0.8693391734310362,0.7149638024744436,450.1,447.4,116.4,113.7,0.2543306782574445,0.3157417167936684,0.6946229672646966
10,1.25,4,10,False,False,False,0.8294042608567549,6861.6,6099.3,1804.4,1042.1,0.21791088520406973,0.12328059308242027,0.8388761860568849,0.6415059438053526,3215.4,3518.0,1784.0,2086.6,0.31183162887467153,0.4051564835146232,0.6206889823134817
10,1.25,6,10,False,False,False,0.8337276178048703,6416.7,5709.2,1631.4,923.9,0.21369602060625487,0.1188487437840046,0.8430466247966268,0.6444075804893645,2976.4,3221.5,1637.0,1882.1,0.3134555656775619,0.3977292733437092,0.6262345564593362
10,1.25,8,10,False,False,False,0.8350039563290299,5906.1,5267.3,1473.0,834.2,0.21298898467999666,0.11700310266194333,0.8443700511130746,0.652038842963172,2697.7,2958.5,1424.1,1684.9,0.30353788807244025,0.3923844260012157,0.6345349849735789
10,1.25,10,10,False,False,False,0.8360134686574383,5332.8,4741.0,1304.0,712.2,0.2134124716775156,0.1145605910076078,0.8457301641405955,0.6591295546573901,2380.3,2587.6,1218.9,1426.2,0.30097337162331855,0.3807675190619013,0.6447784646833172
10,1.25,12,10,False,False,False,0.8415448729414272,4678.9,4207.6,1071.5,600.2,0.20431089429643218,0.11259935982071312,0.8503713695922059,0.6729392766596473,2039.2,2209.0,972.1,1141.9,0.29234817301886207,0.3617732736618433,0.6620607303672863
10,1.25,14,10,False,False,False,0.8421677657041057,4079.0,3647.0,914.6,482.6,0.2076735689241595,0.10799089966762901,0.85173584589344,0.6848988006863943,1715.9,1867.2,765.5,916.8,0.2800727438347108,0.3501296547925006,0.6754441897194385
10,1.25,16,10,False,False,False,0.8436584230470882,3553.1,3172.8,766.8,386.5,0.2072774085854577,0.10540574532036581,0.8535370336239548,0.6948868541801653,1442.0,1564.3,607.2,729.5,0.2723558701891503,0.3378704214505195,0.6872090911559775
10,1.25,18,10,False,False,False,0.8483677605826007,3094.0,2799.4,616.0,321.4,0.19784337499074295,0.10542110384405576,0.857223013228338,0.6976830770180582,1210.7,1329.6,483.0,601.9,0.2672633454532135,0.3373705005106702,0.6890928779114217
10,1.25,20,10,False,False,False,0.8506371873776128,2751.8,2486.2,523.3,257.7,0.19724041639484413,0.10148520884993013,0.8595742518473399,0.7114130465612213,1058.1,1151.2,382.7,475.8,0.25685245019171626,0.3203214566858411,0.7036500849416737
10,1.25,22,10,False,False,False,0.8525367375554531,2472.1,2226.8,452.0,206.7,0.1992704044599029,0.0956561204291911,0.8622218235737016,0.7086963037117471,923.6,982.8,334.0,393.2,0.26840060493435486,0.31420678764215115,0.7031216689293881
10,1.25,24,10,False,False,False,0.8516114005560121,2240.0,2029.0,391.8,180.8,0.2022419402969168,0.09453525859105875,0.8617909128261134,0.7204035157319477,831.8,873.0,277.4,318.6,0.26137542647381723,0.29781754206228744,0.7157605793331373
10,1.25,26,10,False,False,False,0.8566351852917112,2068.3,1869.1,338.9,139.7,0.2008750618795013,0.08585456753707639,0.8672998672189717,0.7238150610431818,752.8,775.1,236.9,259.2,0.26564007195132266,0.2867298059623135,0.720304538905447
10,1.25,28,10,False,False,False,0.8590688985665427,1902.4,1729.9,290.8,118.3,0.19474197437444998,0.08712022849246462,0.8687768577499944,0.7330095837507797,675.5,708.3,192.2,225.0,0.24322014892900629,0.29076068356943413,0.7244219738632255
10,1.25,30,10,False,False,False,0.8571897337393033,1756.2,1604.8,258.3,106.9,0.19585508658253786,0.08976544593885558,0.8667068223863709,0.7280373440742254,620.3,632.1,179.1,190.9,0.25447037526933697,0.2894549365822124,0.7204384291810406
10,1.25,32,10,False,False,False,0.856199389264642,1632.7,1492.2,229.6,89.1,0.20384977784255837,0.08375144362815735,0.8672190002435698,0.7269342413655331,568.7,578.9,156.7,166.9,0.25551489812683353,0.2906166191421002,0.7175435902648138
10,1.25,34,10,False,False,False,0.8556959483517816,1517.4,1392.4,203.9,78.9,0.20086723512374216,0.0877408681726948,0.8665665427575249,0.7260989595223274,526.9,530.7,140.8,144.6,0.2538621711008269,0.2939399098545183,0.7140773650518607
10,1.25,36,10,False,False,False,0.8541613189410034,1426.3,1306.8,187.8,68.3,0.20396627548147003,0.08771108663652283,0.8646452394405078,0.7272653314152666,487.8,490.3,126.3,128.8,0.2464735125216551,0.2989958246478114,0.71153968490547
10,1.25,38,10,False,False,False,0.8614684579046094,1342.7,1234.3,161.8,53.4,0.1976564061316357,0.0794066780591454,0.8720602089842039,0.7126993120647469,452.6,451.0,118.5,116.9,0.25874978924168535,0.31585158662882085,0.6931668966984977
10,1.375,4,10,False,False,False,0.8277964371251649,6782.0,5992.4,1813.2,1023.6,0.22272598437452357,0.12168114137514656,0.8379939225996911,0.6420014150816089,3193.3,3472.6,1775.8,2055.1,0.311860878045823,0.40413629179095906,0.6212341229865757
10,1.375,6,10,False,False,False,0.832438529061403,6342.2,5625.1,1633.9,916.8,0.21636498672107396,0.1187579551561199,0.8420598164020046,0.6448554318898185,2949.5,3202.4,1616.5,1869.4,0.31100636478522603,0.39928277143513696,0.6256197175848301
10,1.375,8,10,False,False,False,0.8341535178980779,5863.1,5195.2,1482.6,814.7,0.21562319375417874,0.11606977044966542,0.8440201414635962,0.6504608801924239,2685.3,2923.0,1430.6,1668.3,0.3080150961454942,0.39106314346965804,0.6335638189581594
10,1.375,10,10,False,False,False,0.8355455109177079,5268.1,4716.3,1283.1,731.3,0.21143088773783153,0.11747809042675236,0.8447971438086567,0.6589741110470587,2354.9,2584.0,1204.5,1433.6,0.29753788944078263,0.3845138884650997,0.6430806688320584
10,1.375,12,10,False,False,False,0.8404927777222213,4669.2,4158.6,1090.9,580.3,0.2093133345802046,0.10970110997535279,0.8501200811775357,0.6708229210343616,2036.0,2179.1,991.7,1134.8,0.29666707573948614,0.36168708219179074,0.6606279573697135
10,1.375,14,10,False,False,False,0.8435786256317837,4064.5,3641.9,900.6,478.0,0.2044738254309685,0.10836892330546428,0.8527443977898119,0.6818229764275727,1718.6,1841.8,787.0,910.2,0.2864744614516771,0.34987958569317723,0.6730977772098505
10,1.375,16,10,False,False,False,0.8467470206122452,3538.4,3181.6,746.7,389.9,0.20200927010690678,0.10449668866860332,0.8559290342588343,0.6910849473536951,1451.1,1547.0,625.3,721.2,0.28398929684328966,0.33384080844932007,0.6860603301741721
10,1.375,18,10,False,False,False,0.8497797761545094,3097.9,2786.2,622.9,311.2,0.19913484844566867,0.10130559924531257,0.8589529377306935,0.7002663282269369,1223.3,1326.0,489.1,591.8,0.2701483299764299,0.3293190135696962,0.6938489856382744
10,1.375,20,10,False,False,False,0.8513349237882541,2752.5,2485.4,521.8,254.7,0.19792435039275466,0.09940580203073703,0.8604922269257196,0.7105700824187751,1062.0,1142.7,394.4,475.1,0.261234621121615,0.3176252140408349,0.7040289480795654
10,1.375,22,10,False,False,False,0.8517494106614153,2463.2,2231.8,446.9,215.5,0.1978464374499626,0.09865474122720688,0.8610210037090672,0.7170174883574358,928.5,1001.2,320.8,393.5,0.25520588590382587,0.3107591373813026,0.7101947860143126
10,1.375,24,10,False,False,False,0.854612868959616,2246.0,2036.1,384.9,175.0,0.1986953181211977,0.09207894395957063,0.8645303478698413,0.7180737430319462,833.2,875.1,281.6,323.5,0.2634049170939128,0.3004475968421948,0.7135868872439041
10,1.375,26,10,False,False,False,0.8555471412984506,2055.3,1878.2,331.9,154.8,0.19358695208557844,0.09531876531752052,0.8645457067659473,0.7265913219900612,742.9,792.1,227.2,276.4,0.24604554227996872,0.3007718137399086,0.7179369364749622
10,1.375,28,10,False,False,False,0.8594287751398971,1898.6,1734.6,290.2,126.2,0.1909891799316226,0.09015326978858305,0.8683472961064611,0.7236268477390208,673.7,702.0,205.3,233.6,0.25378329433275204,0.2989630101892066,0.7149060735535956
10,1.375,30,10,False,False,False,0.8588355302456879,1764.4,1605.6,262.6,103.8,0.19839327278926783,0.08393566671935601,0.8692867058078344,0.7278867132413309,623.6,640.9,177.1,194.4,0.25644949272258266,0.28777708079475545,0.7207024363281416
10,1.375,32,10,False,False,False,0.8565298769943472,1627.7,1494.1,233.3,99.7,0.19567127431072764,0.09126897170057784,0.8661321063620415,0.7281351605802278,570.6,583.4,158.1,170.9,0.2522854204423252,0.2914442583972192,0.7189722095371096
10,1.375,34,10,False,False,False,0.8590784979020881,1522.2,1401.2,201.2,80.2,0.19588603375923963,0.08595697043658389,0.8690457511790527,0.7266489849786005,525.0,537.9,138.8,151.7,0.24435742115782588,0.3023446088849731,0.7125358418463617
10,1.375,36,10,False,False,False,0.8562126874855528,1433.5,1312.0,189.6,68.1,0.20459520680202542,0.08297941822686918,0.8673123814769583,0.7225502184414696,490.4,490.9,130.9,131.4,0.2581983136586231,0.29670124945843784,0.7096253494759348
10,1.375,38,10,False,False,False,0.8611776397452818,1345.4,1238.6,166.3,59.5,0.19655426731547515,0.08109045319396102,0.8715650986440027,0.7163522501295061,456.7,453.0,121.6,117.9,0.25898765596733014,0.3083078437736577,0.6985256557249215
10,1.5,4,10,False,False,False,0.8285994018868514,6710.5,5936.5,1781.6,1007.6,0.2216185749100938,0.12118262131620314,0.8387102810212642,0.6396372438802327,3157.4,3431.0,1770.7,2044.3,0.31514230943589044,0.4055832028036443,0.6191757874877639
10,1.5,6,10,False,False,False,0.8324687372071494,6286.5,5569.2,1619.9,902.6,0.21726989946333836,0.11779262612236263,0.8423078397967295,0.6486655265244726,2942.2,3201.9,1584.7,1844.4,0.30717613053868387,0.3954928164123707,0.6297879431697064
10,1.5,8,10,False,False,False,0.8339000897645381,5803.1,5157.9,1465.7,820.5,0.21478361176222177,0.11741620870870226,0.8435279563911926,0.6501324871299076,2677.9,2895.1,1435.3,1652.5,0.30858422029366583,0.39115080544651903,0.6333121999579613
10,1.5,10,10,False,False,False,0.8372832240148554,5245.0,4693.9,1263.8,712.7,0.20927158258084688,0.11616196938944219,0.846514435665705,0.659928968461891,2362.6,2574.3,1201.7,1413.4,0.2987897955408835,0.3813522675353345,0.6446150360327088
10,1.5,12,10,False,False,False,0.8385586401509293,4644.5,4108.0,1110.8,574.3,0.2130429363148849,0.10983978338325644,0.8486592038130427,0.6694939262115881,2028.6,2173.3,992.2,1136.9,0.2977191760472501,0.36329297152957396,0.6591841836011856
10,1.5,14,10,False,False,False,0.8440173356807616,4037.2,3632.8,888.4,484.0,0.20258567616042483,0.10937965247805222,0.8529009246680477,0.681421721101616,1706.6,1853.2,776.4,923.0,0.28512564250797123,0.35203091528879665,0.6724410811896064
10,1.5,16,10,False,False,False,0.8447162690465773,3526.1,3158.3,757.1,389.3,0.20498685585912924,0.1055806060477162,0.8544422403762993,0.6909304163126253,1446.7,1551.6,623.5,728.4,0.2807192672182224,0.33741990015652684,0.6839086897923405
10,1.5,18,10,False,False,False,0.848550203521069,3083.1,2780.9,621.3,319.1,0.1996159310119276,0.1032836619459346,0.8576091454185928,0.6968719552242088,1223.6,1321.9,498.6,596.9,0.27347367084711927,0.332782418704463,0.6901337414554067
10,1.5,20,10,False,False,False,0.8496540437017058,2742.6,2474.4,528.6,260.4,0.20017414570326553,0.10051776689332273,0.8591181713342797,0.7101782393667071,1060.7,1152.6,389.7,481.6,0.25953975166370186,0.3201037696028838,0.703291561427447
10,1.5,22,10,False,False,False,0.8525264485035141,2466.1,2222.3,455.8,212.0,0.20038636770009605,0.09456073529287559,0.8621801583163855,0.7127839891429696,929.6,994.5,333.3,398.2,0.2617966964202795,0.3126353252937814,0.7071320200310305
10,1.5,24,10,False,False,False,0.8546599396203609,2244.1,2033.3,388.1,177.3,0.19804375874389019,0.09263636201538823,0.8643343215139578,0.7169786269893982,832.5,880.2,281.9,329.6,0.26085408191353227,0.3051886641076713,0.7114907668387442
10,1.5,26,10,False,False,False,0.8551785369663426,2063.2,1867.3,345.7,149.8,0.19916255558040058,0.09048037048691442,0.8654914557766611,0.7214517381759903,746.1,785.3,239.2,278.4,0.2558605236869413,0.30123599996107814,0.7142217786273579
10,1.5,28,10,False,False,False,0.8573427822120785,1905.4,1728.3,299.5,122.4,0.19897887084102683,0.0863355647348163,0.8676571406231943,0.7258161392438227,681.7,707.6,204.4,230.3,0.25781746817835904,0.29055025333399553,0.7198035407055176
10,1.5,30,10,False,False,False,0.8550347076917559,1760.0,1611.1,261.1,112.2,0.19996304195059045,0.08996754266589767,0.8652241601876071,0.7254740955698341,622.5,640.9,181.8,200.2,0.2576511674861653,0.29140064137416666,0.7179597899143536
10,1.5,32,10,False,False,False,0.8624242955140557,1637.3,1510.7,220.3,93.7,0.18760769376240743,0.08754371520948087,0.8712944073158745,0.7239080203632968,565.7,588.8,156.8,179.9,0.24715908541175896,0.3050248738616472,0.710621710280623
10,1.5,34,10,False,False,False,0.8585009364617522,1520.6,1403.1,203.6,86.1,0.19325611852654107,0.08974200854995437,0.8677621776416358,0.7251000992066184,528.7,538.0,142.5,151.8,0.25628616293510215,0.29351363865166114,0.714501130596461
10,1.5,36,10,False,False,False,0.8563714015681407,1437.6,1311.9,193.9,68.2,0.20632691675616552,0.08093028010755286,0.8683074565828457,0.7121986389541013,488.0,491.4,133.5,136.9,0.26701577279719485,0.3085869492946022,0.6980707923131179
10,1.5,38,10,False,False,False,0.85839977908386,1350.2,1241.9,168.1,59.8,0.19650071821912052,0.08669972361315917,0.8679796753276907,0.7197451806705697,456.8,458.7,119.5,121.4,0.24747009117197388,0.31303954748688695,0.6986774492048833
10,1.625,4,10,False,False,False,0.8281660145142364,6631.9,5877.2,1763.5,1008.8,0.2207129338507805,0.12295503712074662,0.83807380300287,0.6394232890352993,3121.3,3419.4,1741.4,2039.5,0.3131746023998958,0.40797881952950554,0.618106870926978
10,1.625,6,10,False,False,False,0.8304745893195518,6217.6,5505.1,1621.8,909.3,0.21967227546454757,0.11937854589634896,0.840455630411447,0.6442543732858693,2910.2,3158.1,1598.3,1846.2,0.31193554461268663,0.3995557088155747,0.6250749733547133
10,1.625,8,10,False,False,False,0.8346121436911899,5768.5,5123.5,1452.0,807.0,0.21385924039264456,0.11691647222497567,0.8440530019534055,0.6500483762781848,2642.7,2899.9,1408.5,1665.7,0.30477701478876734,0.39512623265486335,0.6315528119730884
10,1.625,10,10,False,False,False,0.8366216131302935,5206.1,4667.1,1256.4,717.4,0.2092797046606844,0.11747706907872846,0.8455946164245439,0.659661021727224,2339.9,2580.3,1182.7,1423.1,0.29520389615115966,0.38547406039439236,0.6429408639932086
10,1.625,12,10,False,False,False,0.8392092728309081,4600.2,4119.0,1077.7,596.5,0.20763491489035396,0.1139465394478298,0.8483442988125945,0.6696114154600521,2012.2,2179.3,979.4,1146.5,0.29364836687246093,0.36712880220743477,0.6577199258116333
10,1.625,14,10,False,False,False,0.8429933960969906,4028.9,3602.8,903.9,477.8,0.20595669529323754,0.10805651251278095,0.8524266311112392,0.6801382719061569,1706.9,1842.6,784.5,920.2,0.28692572391394394,0.3527977322737419,0.671001203461756
10,1.625,16,10,False,False,False,0.8454246223546689,3522.7,3141.1,764.3,382.7,0.20563067380596287,0.10352008148469931,0.8549571843522111,0.6913118744907149,1442.4,1556.2,621.1,734.9,0.2773286926018437,0.3400475584167269,0.6835415471746081
10,1.625,18,10,False,False,False,0.8484647349548856,3073.3,2781.0,616.1,323.8,0.19695889141893064,0.10611163867129784,0.8569842176643275,0.6987472125570718,1218.8,1338.3,484.9,604.4,0.26630941469379055,0.33619616019206583,0.6898926463829479
10,1.625,20,10,False,False,False,0.8537476295358157,2745.0,2483.8,517.3,256.1,0.19435569347631185,0.09814904745205691,0.8626938618527846,0.7049648583584337,1062.7,1137.1,408.4,482.8,0.27109067391237535,0.31897960937075726,0.6999646672455239
10,1.625,22,10,False,False,False,0.851603089743063,2460.1,2225.1,451.8,216.8,0.1990995134434514,0.09769430707042254,0.861231849353292,0.7112851935621155,926.3,1003.0,328.4,405.1,0.2610438018704193,0.3163858110053499,0.7044619355831144
10,1.625,24,10,False,False,False,0.8539230394819883,2240.2,2031.3,391.1,182.2,0.19670060459317756,0.09545331644284555,0.8632207678937874,0.7180393352465826,831.7,888.4,278.6,335.3,0.25694758357382874,0.3069737459330059,0.7109818473593085
10,1.625,26,10,False,False,False,0.8556939672514879,2065.1,1873.1,342.6,150.6,0.1967967983771505,0.09181526711987346,0.8651372905248577,0.7221474406618548,753.2,784.2,244.9,275.9,0.2602506815458281,0.2954544371304625,0.7165960085307341
10,1.625,28,10,False,False,False,0.8567961792220977,1905.1,1728.0,302.2,125.1,0.19777121805326858,0.08863642350253578,0.8666277475860784,0.7261727777429916,685.1,707.6,209.4,231.9,0.2587749542361215,0.2888794902778954,0.7202074421366885
10,1.625,30,10,False,False,False,0.8598622634998053,1764.3,1617.8,258.9,112.4,0.19029531786497156,0.08998015513541781,0.8690736527306946,0.7247325929089931,623.1,648.0,179.2,204.1,0.2543829462251298,0.29615186795688414,0.7158927353987765
10,1.625,32,10,False,False,False,0.8602859411837678,1641.1,1501.9,234.2,95.0,0.19346954201648925,0.08595857561597527,0.8697765345162605,0.7197559202377748,573.8,581.7,169.3,177.2,0.26481466020199423,0.295673499322456,0.7108598605884486
10,1.625,34,10,False,False,False,0.8565551461063267,1531.4,1397.6,214.2,80.4,0.2047061661131127,0.08218354167423376,0.867691149406873,0.7290663623457364,533.1,541.4,143.7,152.0,0.2511933403469011,0.2906739349616261,0.7176856852264593
10,1.625,36,10,False,False,False,0.8601654911001013,1439.1,1323.7,188.1,72.7,0.19316788152413697,0.08650113627566011,0.8695157334274655,0.7250331983293261,487.1,501.4,126.4,140.7,0.24077780610851462,0.3091557972328329,0.7077327389910829
10,1.625,38,10,False,False,False,0.8577010677891266,1350.9,1244.1,171.5,64.7,0.19833376937918784,0.08626409504255882,0.8676276866650149,0.7225598518209525,455.5,461.1,119.2,124.8,0.24032002759216747,0.3145602687659276,0.7008107489412385
10,1.75,4,10,False,False,False,0.8281102014359863,6585.9,5826.2,1753.8,994.1,0.22138324078364913,0.12239635634437822,0.8380578699926616,0.6397677407140965,3119.8,3370.3,1753.8,2004.3,0.31643604832407946,0.40402847024772737,0.6195369129022738
10,1.75,6,10,False,False,False,0.8338350765972196,6191.2,5496.2,1578.9,883.9,0.21517629390201526,0.11715355290354532,0.843398460201801,0.6465407233030269,2911.4,3141.2,1587.4,1817.2,0.3123785306747595,0.3945400227191869,0.6288496900450329
10,1.75,8,10,False,False,False,0.8356277590182909,5735.3,5103.7,1429.0,797.4,0.21268435975748026,0.11606012220593778,0.8449181655356922,0.6506078551700243,2639.4,2884.6,1403.4,1648.6,0.30541705234716393,0.3933672373127875,0.6326599733086513
10,1.75,10,10,False,False,False,0.8368558803176954,5193.1,4622.9,1267.6,697.4,0.21223160954890824,0.11405662981570075,0.8464637480392561,0.6592847385168611,2348.9,2539.4,1210.0,1400.5,0.30173122691298565,0.3796992960532923,0.644833665588253
10,1.75,12,10,False,False,False,0.8402494918190797,4576.0,4110.9,1062.9,597.8,0.20500876409913182,0.11449225226270868,0.8490462790123076,0.6660148262501183,2003.4,2159.8,992.0,1148.4,0.29910885912029384,0.3688614883794697,0.6545398970817015
10,1.75,14,10,False,False,False,0.8417936186376576,4018.1,3576.9,915.2,474.0,0.20920703557970893,0.10720572714497636,0.8515619902304357,0.6809637787317957,1709.5,1835.7,787.9,914.1,0.2876490032726868,0.350423439263722,0.6723016980078089
10,1.75,16,10,False,False,False,0.8441296841212506,3495.3,3142.5,753.7,400.9,0.20386619542824871,0.10787443632925017,0.8533530317740798,0.6890673030672476,1441.1,1552.1,625.5,736.5,0.281879407858894,0.33998598600661084,0.6820280505641689
10,1.75,18,10,False,False,False,0.846959892688649,3066.0,2767.4,624.0,325.4,0.199709813993545,0.10637040062915686,0.855730337471282,0.6970172174039172,1221.3,1324.8,499.9,603.4,0.271442091536457,0.33452347365570867,0.6895822865301533
10,1.75,20,10,False,False,False,0.8520783454928145,2734.2,2483.0,515.5,264.3,0.19540465264498874,0.10043865636938214,0.86087889480049,0.7058879020577234,1064.0,1145.0,403.7,484.7,0.26789635314322396,0.3203278427413292,0.7001106437371825
10,1.75,22,10,False,False,False,0.8522451281512995,2456.3,2229.1,446.7,219.5,0.19580102991019172,0.09970871378720936,0.8613012821894934,0.7129934060682785,937.3,995.0,339.7,397.4,0.2640998343190802,0.3099133535443627,0.7077596688153435
10,1.75,24,10,False,False,False,0.8532589672055598,2238.6,2027.0,395.6,184.0,0.19803786242787363,0.09544420316100653,0.8627785979025937,0.7141653847914624,833.6,882.1,288.7,337.2,0.2638481035045172,0.30782112691255764,0.708677477551173
10,1.75,26,10,False,False,False,0.8549741252661484,2059.3,1875.3,341.8,157.8,0.1957529226948125,0.09429882677289077,0.8645462660931867,0.7184643000202395,750.0,786.8,246.6,283.4,0.2587902779934742,0.30428112196604673,0.7116651009026629
10,1.75,28,10,False,False,False,0.855353724064433,1901.4,1729.0,303.6,131.2,0.1967337084878832,0.09255884338325085,0.8650767296689242,0.7211773518596434,680.2,709.9,211.0,240.7,0.25940091437786855,0.2982443819028448,0.7143862310210822
10,1.75,30,10,False,False,False,0.8551316784060194,1767.1,1611.1,269.3,113.3,0.19994685685371388,0.08978978633424697,0.8649107696118701,0.7273046945045178,627.6,645.0,186.3,203.7,0.2548878130099396,0.29050279798102474,0.7196395881245885
10,1.75,32,10,False,False,False,0.8572392385993233,1640.6,1501.4,237.6,98.4,0.19793456280607882,0.0875869599952748,0.8672947031156317,0.7211155807140683,575.0,590.3,164.8,180.1,0.2609967823275075,0.296772056244356,0.7123228823763512
10,1.75,34,10,False,False,False,0.8594130278978509,1531.1,1403.8,210.9,83.6,0.19470202005865475,0.08647192414564346,0.8690120220437179,0.7303998481056904,532.7,545.3,143.5,156.1,0.2461578413557358,0.2930424624328837,0.7183290084651736
10,1.75,36,10,False,False,False,0.8613305648840592,1444.2,1318.9,196.8,71.5,0.19880508843542563,0.07853378179645625,0.8717446850459192,0.7213928026430739,491.6,497.9,133.6,139.9,0.2552247959661818,0.3019895987476701,0.7074508013485238
10,1.75,38,10,False,False,False,0.8604034284848592,1359.2,1247.3,172.5,60.6,0.20132233440292432,0.07787080862735732,0.8710807425147916,0.7165013623409276,458.8,464.1,119.8,125.1,0.25702117730377033,0.30997609801437453,0.6996581627062206
10,1.875,4,10,False,False,False,0.8272789636830022,6531.5,5769.3,1750.3,988.1,0.22377698795548046,0.12166508467851485,0.8376485748712069,0.6422017280791702,3100.3,3369.1,1720.9,1989.7,0.31290733317239267,0.4026892106692669,0.6216089204254978
10,1.875,6,10,False,False,False,0.8324103368282045,6126.8,5462.5,1565.2,900.9,0.21505875000937302,0.12012057633421776,0.8418203862164952,0.6448942201118494,2868.2,3135.5,1567.2,1834.5,0.30930134313246205,0.4009102166438391,0.6250244261108673
10,1.875,8,10,False,False,False,0.8350447828204631,5686.2,5082.2,1415.2,811.2,0.2112518303340704,0.11865860402500357,0.8441759732605814,0.6490555262065084,2615.5,2872.2,1397.7,1654.4,0.3051698756587885,0.39671907192819483,0.6305121257806261
10,1.875,10,10,False,False,False,0.8357172404002113,5155.6,4604.2,1259.5,708.1,0.2116333938011706,0.11693212539840658,0.845060848712416,0.659469244540279,2328.8,2555.0,1183.2,1409.4,0.2968288918923094,0.3842326190271327,0.6430491721433793
10,1.875,12,10,False,False,False,0.8388818352425063,4555.0,4086.6,1067.3,598.9,0.20665842733036466,0.11557790218462269,0.8476556393252794,0.6682369085716092,1996.5,2171.9,975.1,1150.5,0.2928957981995982,0.37063038465718345,0.6552220284634538
10,1.875,14,10,False,False,False,0.843974645429635,4005.4,3584.1,894.3,473.0,0.20460850125118574,0.10744220788954432,0.8531265208813432,0.6828777201833026,1713.6,1841.0,783.5,910.9,0.28554837897613394,0.34869618065726093,0.674307149460251
10,1.875,16,10,False,False,False,0.8447178489810334,3502.9,3125.5,761.5,384.1,0.20705829727255992,0.10350600476537322,0.8545337859192863,0.6932482609448476,1462.1,1549.2,631.5,718.6,0.28325665704615266,0.33024682106415215,0.6881089915364275
10,1.875,18,10,False,False,False,0.8509495938359057,3061.6,2778.1,607.5,324.0,0.19341200625008534,0.10468880607810341,0.859231921106683,0.6977724683514992,1219.5,1333.3,496.6,610.4,0.26972358416354014,0.3347314791334616,0.6899518089353625
10,1.875,20,10,False,False,False,0.8493942717487796,2729.5,2466.0,528.9,265.4,0.1989571684427062,0.10225428805973465,0.8585668415091858,0.7032797835406389,1064.2,1138.9,413.8,488.5,0.27134540899289383,0.3220950239258284,0.6973676623169549
10,1.875,22,10,False,False,False,0.8513350846536349,2462.9,2209.9,463.1,210.1,0.20335025429952217,0.093979576393208,0.8615123045735359,0.7105213299848175,936.4,994.0,345.5,403.1,0.26782099418393984,0.3111363458464251,0.7056720032345083
10,1.875,24,10,False,False,False,0.8540460592915406,2233.1,2035.3,385.9,188.1,0.1953476883743503,0.09656019304256841,0.8631644365413038,0.7163205345659668,832.6,893.0,282.0,342.4,0.25877348423179247,0.308585446636274,0.7098888895795881
10,1.875,26,10,False,False,False,0.8585055133908499,2063.2,1877.2,338.9,152.9,0.19119317505278255,0.09179579816551742,0.867343630633723,0.7219376111175395,756.1,792.0,245.9,281.8,0.2571185848676862,0.2990061928972346,0.7154999927450943
10,1.875,28,10,False,False,False,0.8577574793728692,1901.3,1732.3,299.8,130.8,0.19367450477383813,0.09081053648042342,0.8670483627460654,0.7219169307151309,680.2,713.0,211.3,244.1,0.25566195992926033,0.30050417864047774,0.7141032861097679
10,1.875,30,10,False,False,False,0.8567419322221548,1762.6,1619.2,261.9,118.5,0.19088402957479272,0.09563210598089776,0.8655492698990246,0.7216175360741952,620.4,649.2,184.8,213.6,0.2523975625749593,0.3043673652766504,0.7115335126358611
10,1.875,32,10,False,False,False,0.8579903483129001,1643.0,1506.4,233.3,96.7,0.19635796752989707,0.08766133584430268,0.8679362405680479,0.7274746466674846,578.1,594.8,162.9,179.6,0.254312259367793,0.2907384472972377,0.7193889639630082
10,1.875,34,10,False,False,False,0.8600257291703063,1529.5,1410.3,204.8,85.6,0.19499955575601322,0.08494898590337427,0.869858154263326,0.7227906634318998,531.7,544.4,147.0,159.7,0.2551396830173737,0.29927899011882686,0.7112751705576578
10,1.875,36,10,False,False,False,0.860866648778505,1443.3,1326.9,188.5,72.1,0.1951511001098759,0.08311560233311395,0.8707636747152921,0.7289062656048475,495.8,506.2,128.0,138.4,0.2462591007963028,0.2959283679940019,0.7151280599113103
10,1.875,38,10,False,False,False,0.8591905967327154,1354.3,1248.8,171.8,66.3,0.19624556490029263,0.08537324163427644,0.8691922222243132,0.7171689172844681,457.9,467.8,118.7,128.6,0.246623338897371,0.31903882653369287,0.6963177744454285
10,2.0,4,10,False,False,False,0.8288509509520455,6496.2,5744.3,1721.7,969.8,0.22108891267438616,0.12120918542152266,0.8388552196047356,0.6401917916174809,3083.6,3329.0,1731.4,1976.8,0.31681631591529263,0.4028001008497456,0.6204797239404379
10,2.0,6,10,False,False,False,0.8305726666585642,6078.3,5405.1,1575.6,902.4,0.21788496430096854,0.12096970238190301,0.8403002622639548,0.645350194631124,2849.4,3128.6,1550.9,1830.1,0.30679953228988815,0.4025000784478639,0.6246418629015735
10,2.0,8,10,False,False,False,0.8350026120244418,5659.4,5045.3,1414.6,800.5,0.2124352420304611,0.1175595339206553,0.8443167684500841,0.6504471001365624,2626.3,2856.3,1397.9,1627.9,0.30628854284836826,0.3928172568785071,0.6325861878644028
10,2.0,10,10,False,False,False,0.8368210015231756,5140.7,4579.0,1255.8,694.1,0.21127221877295016,0.1150857781806984,0.8462842842765509,0.6611702951067506,2330.3,2549.1,1179.8,1398.6,0.29654413986219086,0.38111526992430766,0.6457294044212626
10,2.0,12,10,False,False,False,0.8393041818962125,4551.1,4051.7,1080.0,580.6,0.210038718249734,0.111352917957841,0.8488176125833103,0.6691445449173149,1991.7,2174.4,967.6,1150.3,0.2921829848411744,0.3695279253241959,0.6564280531104655
10,2.0,14,10,False,False,False,0.8440123555913048,3987.7,3570.9,893.1,476.3,0.20353835465289252,0.10843693416449769,0.8530041132286849,0.6820560507071964,1701.9,1851.3,769.7,919.1,0.2815555240331596,0.35433237455244776,0.6717243051816026
10,2.0,16,10,False,False,False,0.8455111861293114,3482.0,3136.9,740.5,395.4,0.20105065274113482,0.10792697500024229,0.8543515991728151,0.6906296647130625,1441.9,1555.9,624.0,738.0,0.2791960382930666,0.33954463228080867,0.6835091935972817
10,2.0,18,10,False,False,False,0.8465916012637017,3057.1,2751.3,629.0,323.2,0.20108550048893098,0.10573129698366564,0.8557053346974595,0.6977976407850047,1225.0,1332.0,499.2,606.2,0.2700787603877236,0.3343259580422673,0.6905134315012675
10,2.0,20,10,False,False,False,0.8523502165704915,2729.9,2471.0,520.8,261.9,0.19527151063373577,0.10002805622528119,0.861326247925992,0.7029505853940637,1058.5,1141.8,413.8,497.1,0.26919296624145306,0.32490586297041946,0.6968244610275944
10,2.0,22,10,False,False,False,0.85197869105471,2442.6,2220.4,450.1,227.9,0.19377566710819813,0.10226695078238184,0.8607186612804434,0.7111310582797106,931.8,1005.6,336.4,410.2,0.2608094979366786,0.31692838550390007,0.7044865540516476
10,2.0,24,10,False,False,False,0.8555624630270268,2236.6,2027.5,393.1,184.0,0.1956702168093755,0.09320485713657091,0.8648890856618555,0.7136122500961888,838.6,883.3,295.5,340.2,0.26734656320199635,0.3054289366056259,0.708524291656689
10,2.0,26,10,False,False,False,0.8539355619318512,2053.5,1871.7,344.4,162.6,0.19417022644315218,0.09795864969314572,0.8631364033061553,0.7210918329378463,754.8,796.6,245.6,287.4,0.25563360606797253,0.3021827280563349,0.7143154072610605
10,2.0,28,10,False,False,False,0.8575007113086752,1901.4,1732.0,302.9,133.5,0.19536487765690924,0.0896336997257405,0.8671586032990355,0.7233535928886166,684.8,713.1,214.9,243.2,0.2587380930580763,0.29455472116469067,0.7169861945690852
10,2.0,30,10,False,False,False,0.8523930221242191,1762.5,1610.4,273.6,121.5,0.20001501132775804,0.09519894442380382,0.8620828519670163,0.7221898979789121,624.2,650.2,187.7,213.7,0.25587576472215967,0.2997444393200161,0.7130999100794227
10,2.0,32,10,False,False,False,0.8579747118909195,1639.3,1507.4,235.2,103.3,0.19570561815794119,0.08834495806021994,0.8677131424269628,0.723334385676411,578.7,595.2,166.6,183.1,0.25840879201894845,0.29492243662822976,0.7143885503325803
10,2.0,34,10,False,False,False,0.860372509599115,1527.2,1408.8,210.2,91.8,0.18900060300261923,0.09025437779915081,0.869041292932056,0.7163009561425587,528.6,543.3,151.7,166.4,0.2597658165165444,0.3076322711983381,0.7039114147121631
10,2.0,36,10,False,False,False,0.8575877930530057,1440.2,1329.7,189.8,79.3,0.1944124724792832,0.09041194141470553,0.8668708599460248,0.7220443639875147,493.7,510.1,128.5,144.9,0.2449777975876512,0.31093347443731945,0.7050052108335534
10,2.0,38,10,False,False,False,0.8636901456561008,1361.8,1257.4,168.2,63.8,0.1927651857068652,0.07985452298093318,0.8735672910982923,0.7168216149514655,459.3,471.7,119.0,131.4,0.24675384418535368,0.31960292591171563,0.695946664588042